Vector,0,1,2,3,4,5,6,7,8,9,10,11,12,13,14,15,16,17,18,19,20,21,22,23,24,25,26
1,2.798191068400225,3.354060674580744,0.0,0.819672131147541,4.249104955718863,0.0,0.0,3.127944224609005,0.4899189749387602,0.07537214999057973,2.459016393442623,0.0,6.4914264179385714,0.7348784624081404,0.5747126436781609,0.0,0.3297531562087808,1.7147164122856609,0.9044657998869416,3.1844733371019416,1.6205012247974384,11.767476917279062,0.0,7.2922555115884675,0.0,0.0,0.0
2,1.2028869286287094,3.4482758620689653,0.0,10.344827586206897,3.5284683239775463,0.0,0.0,1.162790697674419,0.0,1.2028869286287094,0.0,2.2854851643945464,6.014434643143549,1.162790697674419,1.2429831595829999,1.162790697674419,0.0,3.408179631114675,0.0,0.0,3.5685645549318377,3.728949478748998,0.0,4.490777866880512,0.0,0.0,0.0
10,2.0709020709020702,0.5031005031005031,0.0,0.09360009360009336,3.3111033111033112,0.0,0.0,2.2932022932022926,1.9071019071019075,0.8073008073008077,2.146952146952147,1.047151047151047,4.738504738504737,1.6438516438516435,2.784602784602783,1.3513513513513509,1.602901602901603,0.9535509535509537,0.0,1.1524511524511525,1.2694512694512703,2.995202995202995,0.0,2.5213525213525205,0.0,0.0,0.0
11,3.212385099177552,0.7692307692307693,1.5384615384615383,1.2578616352201255,2.6656990807934218,0.0,0.0,1.2626995645863577,0.6289308176100629,9.641993226898887,0.6289308176100629,1.0498306724721822,10.270924044508947,1.6110304789550076,3.4929850024189646,1.6787614900822452,0.0,1.4658925979680697,2.8640541848089023,4.968553459119497,4.1267537493952595,0.6386066763425262,0.0,13.154329946782775,0.0,0.0,0.0
12,5.2631578947368425,0.0,0.0,0.0,1.3931888544891642,0.0,0.0,16.95046439628483,0.0,14.473684210526311,0.0,0.0,3.2507739938080498,0.0,6.5015479876161,0.0,1.3157894736842106,0.6191950464396285,0.0,2.0897832817337445,3.947368421052632,9.287925696594428,0.0,10.448916408668733,0.0,0.0,0.0
13,4.761904761904762,1.96078431372549,0.0,1.680672268907563,2.8011204481792724,0.0,0.0,4.481792717086837,2.100840336134453,21.56862745098039,0.9803921568627452,0.0,2.6610644257703084,0.14005602240896353,0.5602240896358541,0.0,0.4201680672268906,1.8207282913165272,0.28011204481792706,0.14005602240896353,4.061624649859945,5.042016806722689,0.0,10.92436974789916,0.0,0.0,0.0
14,3.7240537240537246,0.0,0.0,0.0,3.968253968253968,0.0,0.0,2.716727716727717,4.7313797313797314,1.2515262515262506,0.0,0.0,9.401709401709402,9.15750915750916,2.564102564102564,0.0,0.0,6.288156288156289,0.0,6.288156288156289,5.219780219780219,3.021978021978024,0.0,13.522588522588524,0.0,0.0,0.0
15,3.047728579643472,0.8433965880774394,0.0,0.0,0.4408663983132062,0.0,0.0,0.7092198581560284,5.673758865248227,0.5750431282346176,2.7027027027027017,1.4184397163120568,0.805060379528463,2.127659574468085,1.8593061146252632,0.7092198581560284,0.0,3.8527889591719378,0.0,0.0,6.7471727046195165,0.5750431282346176,0.0,3.27774583093732,0.0,2.7027027027027017,0.0
16,3.75,1.25,0.0,0.0,0.0,0.0,0.0,0.0,2.5,5.0,2.916666666666667,3.75,9.583333333333329,2.291666666666666,8.75,1.25,3.125,1.25,0.0,0.0,6.458333333333334,6.25,2.083333333333333,0.2083333333333333,0.0,0.0,0.0
17,3.3389926428975665,3.5087719298245608,0.0,2.3203169213355963,7.243916242218447,0.0,0.0,7.979626485568758,0.0,4.6406338426711935,1.7543859649122806,0.0,4.018109790605546,1.7543859649122806,9.790605546123373,2.150537634408602,1.7543859649122806,1.3582342954159592,1.075268817204301,4.470854555744198,2.546689303904923,1.9241652518392751,0.0,1.3016411997736288,0.0,0.0,0.0
18,0.44540229885057503,1.5804597701149423,0.0,2.6005747126436782,4.85632183908046,0.0,0.0,1.9109195402298849,0.5316091954022988,0.28735632183908044,0.20114942528735635,0.4166666666666667,3.4339080459770117,0.7183908045977008,0.11494252873563228,0.20114942528735635,0.7758620689655171,0.28735632183908044,1.091954022988506,0.1293103448275863,2.7442528735632186,3.1609195402298877,0.0,3.0459770114942533,0.0,0.0,0.0
19,2.7089430894308943,1.2000000000000002,0.0,2.0780487804878045,0.7219512195121958,0.0,0.0,3.147967479674797,4.1430894308943085,1.3040650406504062,1.9869918699187,2.4000000000000004,0.2471544715447145,1.3430894308943089,0.9170731707317064,1.2390243902439022,0.01300813008130075,0.7739837398373988,0.4130081300813008,0.3869918699186994,1.0959349593495942,0.052032520325203,0.0,2.6731707317073177,0.0,0.0,0.0
20,4.2032967032967035,1.4010989010989008,0.0,2.1978021978021984,13.681318681318679,0.0,0.0,0.989010989010989,0.0,8.186813186813188,0.0,0.0,4.8901098901098905,0.0,9.203296703296703,0.0,0.0,1.4010989010989008,3.296703296703297,1.4010989010989008,2.9945054945054945,18.32417582417582,0.0,0.302197802197802,0.0,0.0,0.0
21,4.822695035460993,4.539007092198581,0.0,0.0,1.9047619047619049,0.0,0.0,0.9523809523809524,3.3029381965552176,3.687943262411349,0.9523809523809524,0.0,10.597771023302935,5.309017223910843,2.8571428571428568,0.0,0.9523809523809524,0.7294832826747717,0.0,2.127659574468085,13.657548125633232,1.9047619047619049,0.0,2.127659574468085,0.0,0.0,0.0
22,0.7246376811594182,0.21739130434782614,0.0,2.4637681159420293,6.521739130434782,0.0,0.0,1.4492753623188406,1.6666666666666667,17.97101449275362,0.0,0.0,5.072463768115943,1.2318840579710144,0.4347826086956523,3.333333333333333,0.0,0.21739130434782614,1.4492753623188406,0.0,7.5362318840579725,0.21739130434782614,0.0,0.07246376811594324,0.0,0.0,0.0
23,3.209785707716363,1.6462797755909135,0.7633587786259542,1.2416076519819743,5.426285293847144,0.0,0.0,4.0191299549342405,0.8829209969649592,0.16554768693093005,3.6144578313253017,1.8486158373953832,1.2416076519819743,2.3268647107514018,3.0166467396302767,0.32189828014347466,0.7633587786259542,0.32189828014347466,0.0,5.260737606916215,0.5610227168214847,4.9020509518992,0.0,1.5635059321254483,0.0,0.0,0.0
24,3.333333333333333,0.0,0.0,0.0,0.0,0.0,0.0,0.0,0.0,30.83333333333333,0.0,0.0,10.0,0.0,15.0,3.333333333333333,0.0,21.66666666666667,0.0,0.0,30.833333333333336,6.666666666666668,0.0,10.0,0.0,3.333333333333333,0.0
25,1.5525114155251138,1.3698630136986298,0.0,0.0,1.2968036529680365,0.0,0.0,0.0,0.0,6.191780821917808,0.0,0.0,3.287671232876712,0.18264840182648445,4.182648401826484,0.0,1.3698630136986298,0.0365296803652968,1.3333333333333333,0.0,2.8493150684931505,0.18264840182648445,0.0,6.191780821917808,0.0,0.0,0.0
26,1.3409961685823752,0.0,0.0,5.5555555555555545,7.407407407407407,0.0,0.0,2.10727969348659,0.0,18.5823754789272,0.0,0.0,3.4482758620689653,1.851851851851852,1.5964240102171134,0.0,0.0,5.5555555555555545,0.0,0.0,8.173690932311622,3.0012771392081703,0.0,2.6819923371647505,0.0,0.0,0.0
27,4.5397080795310885,0.0,0.0,0.4712102057234802,1.068842661763016,0.0,0.0,6.723365130444777,0.0,13.343293874267326,0.0,0.8849557522123894,5.895874037466958,1.2987012987012987,0.2298586369382836,0.8849557522123894,0.0,2.126192391679117,1.3561659579358696,1.7699115044247788,5.079875876336053,1.183771980232157,0.0,1.3446730260889552,0.0,0.0,0.0
28,4.970986460348163,4.564796905222437,0.0,0.7543520309477756,5.1450676982591865,0.0,0.0,1.818181818181818,1.5473887814313354,3.636363636363636,0.0,0.0,0.8510638297872362,0.2707930367504829,10.502901353965186,1.0638297872340423,0.0,1.818181818181818,0.0,3.636363636363636,1.4119922630560942,0.0,0.0,3.8104448742746615,0.0,0.0,0.0
29,0.0,4.3478260869565215,0.0,0.0,0.0,0.0,0.0,0.0,0.0,3.5573122529644263,0.0,0.0,12.84584980237154,0.0,10.375494071146244,0.0,0.0,2.0750988142292486,0.0,0.0,35.07905138339921,6.42292490118577,0.0,4.545454545454546,0.0,0.0,0.0
30,3.2522872540418604,2.5065797719012406,0.0,2.6945732547938337,4.461711993984209,0.0,0.0,4.12332372477754,1.648076200025065,2.500313322471487,0.99009900990099,0.0,3.0454944228600045,0.05639804486777812,2.6945732547938337,0.9086351673142,0.9086351673142,1.2094247399423486,0.21932573004135847,2.2872540418598835,0.8021055270083988,0.7958390775786439,0.6329113924050633,4.104524376488281,0.0,0.0,0.0
31,4.0,2.0,0.0,0.0,0.0,0.0,0.0,0.0,1.3333333333333333,24.0,0.0,0.0,11.333333333333336,6.0,6.666666666666668,2.0,0.0,0.0,0.0,0.0,13.333333333333332,0.6666666666666667,0.0,6.0,0.0,0.0,0.0
32,10.714285714285717,2.4603174603174605,0.0,0.2380952380952381,3.650793650793652,0.0,0.0,2.9365079365079367,0.0,7.777777777777778,1.1111111111111112,2.2222222222222223,1.587301587301588,0.2380952380952381,6.428571428571429,1.1111111111111112,2.6984126984126986,3.8095238095238098,0.2380952380952381,4.4444444444444455,0.873015873015873,2.0634920634920637,0.0,6.666666666666668,0.0,0.0,0.0
3,3.3577533577533574,4.926739926739927,0.0,5.457875457875458,10.244200244200243,0.0,0.0,0.604395604395604,1.1233211233211229,1.1111111111111112,0.0,0.5555555555555556,4.566544566544569,1.6422466422466424,2.667887667887668,0.0,4.346764346764347,0.5677655677655677,0.5677655677655677,1.0989010989010992,0.4578754578754579,3.2234432234432235,0.0,1.1233211233211229,0.0,0.0,0.0
100,0.4318255424808379,1.932419302601749,0.0,0.010795638562020926,3.8216560509554136,0.0,0.0,3.5949476411529737,1.0579725790780523,9.349022994710136,1.2738853503184713,0.6369426751592356,3.57335636402893,2.558566339198964,2.3210622908345027,5.494980028068662,0.6369426751592356,1.26308971175645,3.3898305084745757,1.7057108927993092,0.010795638562020926,0.20511713267839804,0.0,1.4682068444348475,0.0,0.0,0.0
3,3.3577533577533574,4.926739926739927,0.0,5.457875457875458,10.244200244200243,0.0,0.0,0.604395604395604,1.1233211233211229,1.1111111111111112,0.0,0.5555555555555556,4.566544566544569,1.6422466422466424,2.667887667887668,0.0,4.346764346764347,0.5677655677655677,0.5677655677655677,1.0989010989010992,0.4578754578754579,3.2234432234432235,0.0,1.1233211233211229,0.0,0.0,0.0
34,3.0873786407766985,2.0,0.0,11.533980582524276,5.300970873786408,0.0,2.0,3.825242718446602,0.0,10.29126213592233,0.0,2.0,0.2912621359223309,2.058252427184466,2.796116504854369,0.9708737864077672,1.029126213592233,0.912621359223301,1.029126213592233,0.17475728155339798,2.796116504854369,4.0,0.9708737864077672,1.1456310679611654,0.0,0.0,0.0
35,1.8917042693509192,0.0,0.0,0.0,1.4057618882332523,0.0,0.0,1.4057618882332523,1.4057618882332523,0.08677542519958338,0.0,0.0,3.4363068379035084,1.5793127386324195,3.3321763276640057,3.3321763276640057,1.5793127386324195,6.404026379729261,0.0,1.5793127386324195,1.318986463033669,0.0,0.0,7.028809441166263,0.0,0.0,0.0
36,4.285714285714286,1.4285714285714286,0.0,1.4285714285714286,31.785714285714285,0.0,0.0,11.071428571428573,4.285714285714286,0.0,0.0,0.0,4.6428571428571415,6.7857142857142865,18.571428571428573,1.4285714285714286,0.0,2.8571428571428568,1.4285714285714286,2.8571428571428568,10.0,5.357142857142857,0.0,1.7857142857142865,0.0,0.0,0.0
37,0.2714932126696823,0.7692307692307693,0.0,0.995475113122172,3.9366515837104084,0.0,1.1764705882352942,1.4027149321266972,2.624434389140272,0.9502262443438916,1.5384615384615383,1.5837104072398192,2.0814479638009047,4.208144796380092,1.6742081447963797,4.208144796380092,1.1764705882352942,5.520361990950227,0.0,0.0,2.1719457013574672,0.04524886877828038,0.0,3.6651583710407234,0.0,0.0,0.0
38,5.2631578947368425,5.2631578947368425,0.0,0.0,0.0,0.0,0.0,0.0,0.0,6.346749226006192,5.2631578947368425,0.0,4.0247678018575845,5.2631578947368425,4.798761609907121,0.0,0.0,5.2631578947368425,0.0,0.0,4.798761609907121,14.705882352941178,0.0,12.383900928792567,0.0,0.0,0.0
39,0.5648591174906965,2.41892610313663,0.0,1.0101010101010102,1.973684210526316,0.0,0.0,3.0303030303030303,2.41892610313663,8.858320042530568,0.0,0.30568846358320045,0.8439659755449229,14.207868155236573,2.232854864433812,2.279372674109516,0.30568846358320045,1.2692716640085062,1.3157894736842106,0.0,2.937267410951621,0.4053694843168536,1.3157894736842106,0.16613503455608747,0.0,0.0,0.0
4,3.0158730158730163,1.5873015873015872,0.0,0.15873015873015905,5.555555555555557,0.0,0.0,1.5873015873015872,1.4285714285714284,9.206349206349213,0.0,0.0,4.444444444444444,4.603174603174604,1.2698412698412689,1.5873015873015872,0.0,11.746031746031747,0.0,1.7460317460317465,1.1111111111111107,1.4285714285714284,0.0,6.349206349206349,0.0,0.0,0.0
40,8.525345622119819,1.935483870967742,0.0,0.0,10.092165898617507,0.0,0.783410138248848,3.27188940092166,1.935483870967742,8.248847926267281,0.0,0.9216589861751152,7.695852534562211,2.442396313364055,1.7972350230414744,3.7327188940092166,0.2764976958525347,0.13824884792626735,2.5806451612903225,2.9953917050691254,1.6589861751152069,0.1843317972350232,1.566820276497696,2.2119815668202767,0.0,1.4285714285714286,0.0
47,1.8468823993685868,0.2288871349644832,0.0,0.1617995264404104,0.039463299131807794,0.0,0.0,2.9913180741910024,0.0,2.573007103393844,0.7142857142857143,0.09471191791633783,2.7111286503551675,2.573007103393844,3.0741910023677974,0.90370955011839,0.1617995264404104,2.3046566692975534,0.48539857932123104,2.142857142857143,1.2115232833464873,2.8295185477505918,0.0,2.154696132596685,0.0,0.0,0.0
48,4.396135265700481,0.0,0.0,1.4009661835748792,1.4009661835748797,0.0,1.1111111111111112,9.3719806763285,0.6280193236714975,2.077294685990338,0.0,0.8695652173913043,1.7874396135265709,0.8695652173913043,0.1449275362318838,0.0,2.608695652173913,2.9951690821256034,1.4975845410628017,2.4154589371980686,0.3864734299516908,4.782608695652174,0.0,2.4154589371980686,0.0,0.0,0.0
5,3.984962406015038,1.8045112781954888,0.0,3.6090225563909777,9.24812030075188,0.0,0.0,3.6090225563909777,0.0,3.4586466165413534,1.0526315789473684,0.0,0.9022556390977456,5.7142857142857135,2.4060150375939844,0.0,0.3759398496240601,1.0526315789473684,2.556390977443609,0.3759398496240601,3.984962406015038,11.278195488721805,0.0,1.2030075187969924,0.0,0.3759398496240601,0.0
50,4.402958788305739,4.107079957731596,0.0,0.7044734061289173,3.8957379358929214,0.0,0.0,1.0707995773159569,0.0,11.701303275801337,2.3529411764705883,0.0,4.360690383938005,0.02113420218386741,0.6199365973934483,0.0,1.1764705882352942,0.5776681930257134,0.0,2.9306093694963016,3.6773511799929546,10.348714336033813,0.0,3.6773511799929546,0.0,0.0,0.0
51,0.9361702127659576,0.0,0.0,1.1914893617021276,5.70212765957447,0.0,0.0,0.9361702127659576,0.0,3.7446808510638303,0.0,0.0,1.9574468085106391,1.319148936170213,4.8510638297872335,1.8723404255319152,1.0638297872340423,2.8085106382978724,0.0,0.9361702127659576,1.74468085106383,1.0638297872340423,0.0,4.170212765957449,0.0,0.0,0.0
52,3.935185185185185,1.851851851851852,0.0,0.9259259259259259,5.092592592592593,0.0,0.0,3.703703703703704,2.662037037037037,20.717592592592595,0.2314814814814816,0.0,3.356481481481482,0.9259259259259259,7.291666666666668,0.0,0.8101851851851851,1.3888888888888893,3.587962962962963,4.513888888888889,2.1990740740740744,2.4305555555555562,1.0416666666666667,5.324074074074074,0.0,0.0,0.0
53,3.05605491093316,0.0,0.0,4.003922209511359,0.34319333224383103,0.0,0.0,5.556463474423926,2.5004085634907662,5.47475077627063,3.1050825298251343,0.4739336492890995,7.631966007517568,5.556463474423926,1.470828566759273,0.0,0.4739336492890995,2.5004085634907662,0.4739336492890995,0.9478672985781992,3.5299885602222587,1.9447622160483728,0.0,0.2124530151985624,0.0,0.0,0.0
54,4.477611940298508,1.492537313432836,0.0,0.0,8.606965174129353,0.0,0.0,0.3482587064676617,5.174129353233831,1.4427860696517412,0.0,1.492537313432836,10.547263681592039,2.985074626865672,1.0945273631840795,1.8407960199004976,5.920398009950249,8.45771144278607,1.1442786069651745,1.0945273631840795,2.487562189054726,5.174129353233831,0.0,2.288557213930349,0.0,0.0,0.0
55,1.4874141876430205,0.0,0.0,1.058352402745995,4.033180778032033,0.0,0.0,1.7734553775743709,4.3478260869565215,7.9233409610984,0.42906178489702507,0.42906178489702507,1.6304347826086951,4.4336384439359255,2.6887871853546916,0.6578947368421053,0.42906178489702507,0.6864988558352407,0.6578947368421053,1.2871853546910752,1.4588100686498846,0.6006864988558345,0.0,0.5434782608695645,0.0,1.0869565217391304,0.0
56,3.6264112213479303,4.139582620595279,0.0,5.576462538487856,2.873759835785152,0.0,0.0,8.792336640437906,0.0,4.071159767362297,0.0,0.0,2.018474170372905,0.3421142661648986,7.59493670886076,2.7027027027027017,2.7027027027027017,0.3421142661648986,0.0,6.329113924050633,2.1895313034553547,7.59493670886076,0.0,2.1895313034553547,0.0,0.0,0.0
6,1.4427860696517405,0.0,0.0,3.432835820895523,1.464108031272211,0.0,0.0,2.046908315565032,2.238805970149254,0.14214641080312695,0.4761904761904762,1.492537313432836,3.695806680881306,0.06396588486140753,3.013503909026297,2.5088841506751955,1.9047619047619049,1.5707178393745551,1.9047619047619049,0.4761904761904762,3.57498223169865,1.8194740582800253,0.0,3.7171286425017778,0.0,0.0,0.0
64,1.2987012987012987,0.0,0.0,3.896103896103897,0.9404388714733544,0.0,0.0,0.4478280340349308,0.0,6.851768920734436,0.0,0.0,0.0,0.0,1.7465293327362297,0.0,0.0,3.470667263770712,1.2987012987012987,0.4478280340349308,0.4702194357366771,2.7317510076130813,0.0,9.896999552171968,0.0,0.0,0.0
65,1.8867924528301887,1.2578616352201255,0.0,2.533356844765767,2.427555398812673,0.0,0.0,0.2174807500146958,0.0,1.2049609122435785,1.581143831187915,0.3056486216422736,3.9734320813495563,1.0051137365543994,1.2049609122435785,1.616410979838946,2.2100746487979777,1.2931287838711572,1.92205960148122,2.2100746487979777,1.528243108211368,8.899077176276966,0.0,2.2453417974490093,0.0,0.0,0.0
66,0.6279434850863428,0.0,0.0,1.3605442176870748,6.593406593406592,0.0,0.0,5.6689342403628125,0.0,4.413047270190127,0.17442874585731727,0.33141461712890297,2.128030699459272,3.383917669631955,2.6164311878597584,0.0,0.5058433629862201,1.8838304552590264,0.0,0.6802721088435374,0.6977149834292691,2.7908599337170763,0.6802721088435374,2.6164311878597584,0.0,0.0,0.0
67,2.0749742061217464,0.0,0.0,3.301616416370516,2.7284191218617444,0.0,0.0,0.8941877794336791,2.7742749054224456,0.02292789178035104,0.9400435629943829,0.0,10.558294164851542,5.1129198670182285,0.7222285910810502,3.496503496503496,0.9400435629943829,0.4814857273873671,0.2178149719133322,0.0,1.4215292903817498,1.3756735068210473,0.0,0.2865986472543849,0.0,0.0,0.0
68,14.189189189189188,0.6756756756756757,0.0,4.9284578696343395,2.2257551669316378,0.0,0.0,6.081081081081082,2.5039745627980934,23.330683624801274,0.0,0.0,16.216216216216218,0.6756756756756757,3.656597774244833,5.206677265500796,0.0,4.53100158982512,5.882352941176473,0.0,0.4769475357710658,1.8282988871224168,0.0,2.4244833068362475,0.0,0.0,0.0
69,1.4929742388758782,0.819672131147541,0.819672131147541,2.6932084309133493,3.0444964871194378,0.0,0.0,12.324355971896956,0.0,0.9660421545667448,0.819672131147541,0.0,5.503512880562061,0.9660421545667448,0.5269320843091339,0.819672131147541,0.0,0.819672131147541,0.1463700234192038,2.7517564402810306,1.2002341920374704,9.865339578454336,0.0,5.82552693208431,0.0,0.0,0.0
7,1.0564873722768464,1.0256410256410255,0.0,0.7171775592828222,5.259302101407363,0.0,0.7518796992481203,0.5860805860805858,0.0,2.9728166570271832,1.125891652207442,0.0,3.558897243107768,1.0603431656063234,3.177173703489493,1.0256410256410255,0.5128205128205128,0.9909388856757276,1.229998072103335,0.8868324657798343,1.0950453055716212,6.257952573742047,0.0,3.046076730287256,0.0,0.0,0.0
70,5.341055341055341,0.0,0.0,0.0,2.6383526383526377,0.0,0.0,0.0,1.3513513513513509,4.890604890604892,0.0,0.0,3.4105534105534105,1.415701415701415,5.4697554697554684,0.0,0.0,5.4697554697554684,0.0,3.4105534105534105,3.346203346203347,6.692406692406694,0.0,4.697554697554698,0.0,0.0,0.0
71,6.001102383905194,1.901612236461348,0.0,1.6949152542372878,6.194019567314317,0.0,0.0,0.6752101419319274,1.9808460796472367,1.877497588535208,0.0,2.153093564833953,4.295852280556703,2.621606724541821,0.17224748518671618,4.282072481741767,0.8474576271186439,1.1333884525285929,0.8130081300813008,0.423728813559322,1.7396996003858352,0.547747002893761,0.0,4.3750861237425935,0.0,0.0,0.0
72,6.3571850975754,0.0,0.0,0.7392075694855116,5.292726197516263,0.0,0.0,4.523950325251331,0.0,10.82199881726789,0.0,1.1235955056179776,1.8628030751034887,0.0,2.9863985807214664,0.38438793613246597,2.631578947368421,5.2631578947368425,1.1235955056179776,0.0,9.343583678296868,8.722649319929037,0.0,8.663512714370196,0.0,1.1235955056179776,0.0
73,1.6630569306930694,2.34375,0.0,1.98019801980198,0.8895420792079207,0.0,0.78125,4.169245049504951,2.9702970297029703,1.0442450495049505,2.13490099009901,0.0,10.20266089108911,0.9823638613861388,1.036509900990099,0.0,0.78125,2.8155940594059405,0.2088490099009901,2.6067450495049505,0.30940594059405946,0.10829207920792072,0.0,3.442141089108912,0.0,0.0,0.0
74,2.125603864734299,4.29951690821256,0.0,0.09661835748792312,9.227053140096622,0.0,0.0,2.0772946859903376,2.2222222222222223,6.473429951690823,0.0,2.2222222222222223,2.028985507246376,2.2222222222222223,2.5120772946859926,0.0,2.2222222222222223,0.19323671497584627,0.04830917874396157,8.888888888888891,4.202898550724638,6.473429951690823,0.0,2.1739130434782608,0.0,0.0,0.0
75,4.435292254078885,1.8691588785046729,0.0,0.17424362426738482,3.1047045778552183,0.0,0.0,0.06336131791541177,5.084745762711863,5.1956280690638375,0.0,0.0,0.7603358149849516,2.45525106922224,3.15222556629178,0.9345794392523364,0.0,0.5860921907175669,0.9345794392523364,3.7383177570093458,9.234912086171391,2.090923491208617,0.0,1.2355456993505456,0.0,0.0,0.0
76,5.573184357541899,0.0,0.0,0.2413407821229051,0.0,0.0,0.0,4.786592178770951,0.8893854748603363,1.4748603351955314,0.31731843575418983,0.5586592178770949,0.053631284916203725,1.854748603351956,3.302793296089387,1.9932960893854748,0.5586592178770949,1.6759776536312847,0.4826815642458102,0.8,4.026815642458102,0.5586592178770949,0.0,2.8960893854748626,0.0,0.0,0.0
77,5.336743393009377,0.0,0.0,15.02131287297528,15.771526001705027,0.0,0.0,3.171355498721227,0.0,10.042625745950554,0.0,1.4492753623188406,3.08610400682012,0.0,7.1611253196930935,1.1764705882352942,0.0,2.898550724637681,1.1764705882352942,0.0,4.160272804774083,10.52003410059676,0.0,7.144075021312872,0.0,0.0,0.0
78,5.089285714285714,1.5625,0.0,1.4285714285714286,16.205357142857142,0.0,0.0,1.6964285714285714,0.0,2.053571428571429,0.0,3.258928571428571,6.6517857142857135,6.25,1.8303571428571428,0.0,0.0,1.4285714285714286,3.125,0.0,3.4821428571428577,13.348214285714285,0.0,8.482142857142858,0.0,0.0,0.0
79,1.3194444444444446,3.125,0.0,1.1111111111111112,2.4305555555555562,0.0,0.0,0.0,0.0,8.26388888888889,0.0,0.0,9.652777777777775,0.0,10.138888888888893,0.0,1.1111111111111112,2.2222222222222223,0.0,0.0,1.1805555555555554,1.1111111111111112,0.0,2.7777777777777786,0.0,0.0,0.0
8,12.215320910973086,0.0,1.0869565217391304,1.7598343685300204,1.0869565217391304,0.0,0.0,8.436853002070393,0.0,4.3478260869565215,0.0,0.0,2.8467908902691503,1.0869565217391304,3.933747412008281,1.0869565217391304,0.0,7.349896480331262,0.0,0.0,0.8281573498964807,0.0,0.0,12.836438923395448,0.0,0.0,0.0
80,0.043478260869564515,4.3478260869565215,0.0,0.0,0.0,0.0,0.0,0.0,0.0,0.5217391304347823,2.347826086956521,2.1739130434782608,7.434782608695652,0.17391304347826075,6.304347826086958,0.0,0.17391304347826075,0.17391304347826075,0.0,0.0,8.826086956521738,0.695652173913043,2.1739130434782608,9.73913043478261,0.0,0.0,0.0
9,7.6832844574780035,0.0,0.0,9.501466275659824,3.2258064516129035,0.0,0.0,6.451612903225808,3.2258064516129035,2.4633431085043997,0.0,0.0,2.8152492668621703,1.818181818181818,1.6422287390029329,3.2258064516129035,0.0,4.633431085043989,0.0,3.2258064516129035,5.6891495601173006,0.4105571847507332,0.0,2.404692082111436,0.0,0.0,0.0
91,4.888888888888889,0.0,0.0,0.0,0.0,0.0,0.0,4.761904761904762,3.873015873015872,0.0,0.0,0.0,15.301587301587302,0.0,0.1269841269841283,1.5873015873015872,2.412698412698413,0.7619047619047619,0.0,0.0,3.873015873015872,1.5238095238095235,0.0,6.349206349206349,0.0,0.0,0.0
92,0.9136457412319476,0.0,0.0,0.8104921898025346,2.615679339817271,0.0,0.0,1.6209843796050691,1.7241379310344829,0.014736221632773328,0.869437076333628,0.0,0.03684055408193298,0.8841732979664014,11.229000884173297,0.014736221632773328,0.8547008547008547,4.251399941055113,0.0,0.0,2.6893604479811373,0.9210138520483344,0.0,14.37518420277041,0.0,0.0,0.0
93,2.7243589743589745,0.0,0.0,6.410256410256411,3.125,0.0,0.0,0.0,1.2820512820512822,8.573717948717949,0.0,6.810897435897436,0.5608974358974357,1.2820512820512822,3.2852564102564106,1.2820512820512822,0.0,1.8429487179487176,1.2820512820512822,1.2820512820512822,1.6826923076923066,0.2403846153846132,0.0,4.006410256410256,0.0,0.0,0.0
94,4.230100043497174,1.989995650282732,0.0,5.2631578947368425,4.066985645933015,0.0,0.0,5.078294910830796,1.3157894736842106,11.080904741191823,0.0,0.0,2.696824706394084,1.8051326663766856,0.6415832970856896,0.0,1.3157894736842106,1.1635493692909962,4.132231404958678,0.97868638538495,1.500652457590257,9.515006524575902,0.0,3.1861678990865587,0.0,0.0,0.0
95,0.8599508599508594,0.0,0.0,4.545454545454546,0.0,0.0,0.0,0.0,2.7027027027027017,15.110565110565107,0.0,2.7027027027027017,21.130221130221134,0.0,2.8255528255528257,0.0,0.0,5.405405405405406,0.0,0.0,8.108108108108109,4.545454545454546,0.0,1.8427518427518432,0.0,0.0,0.0
96,3.0769230769230766,0.0,0.0,1.0638297872340423,1.0638297872340423,0.0,0.0,0.0,0.0,5.548281505728316,0.0,0.0,11.178396072013099,0.5891980360065465,0.11456628477905052,0.0,0.0,0.4746317512274961,0.0,0.0,1.0801963993453365,1.5384615384615383,0.0,7.905073649754501,0.0,1.0638297872340423,0.0
97,1.2183908045977008,1.5632183908045976,0.0,5.333333333333333,3.678160919540231,0.0,0.0,1.3333333333333333,0.7816091954022988,2.1149425287356323,0.0,1.3333333333333333,2.8735632183908035,2.781609195402299,0.2068965517241388,2.0,1.3333333333333333,4.2298850574712645,0.0,4.896551724137932,5.218390804597702,6.988505747126435,0.0,7.793103448275862,0.0,0.0,0.0
98,0.08771929824561298,0.0,0.0,3.1578947368421053,4.232456140350877,0.0,0.0,1.0307017543859651,4.1228070175438605,1.0745614035087718,0.0,1.0526315789473684,10.635964912280699,5.109649122807019,2.149122807017544,6.315789473684211,0.0,1.0307017543859651,0.0,10.416666666666668,0.10964912280701533,6.2061403508771935,1.0526315789473684,1.951754385964913,0.0,0.0,0.0
99,4.586693548387096,0.0,0.0,0.0,2.4798387096774195,0.0,0.0,2.5806451612903225,0.9173387096774194,11.985887096774194,0.0,1.935483870967742,13.034274193548384,6.522177419354839,2.953629032258064,0.0,1.189516129032258,14.606854838709678,0.9173387096774194,0.6451612903225806,1.320564516129032,3.09475806451613,0.0,1.4213709677419362,0.0,1.5625,0.0
101,3.541666666666667,0.0,0.0,2.2222222222222223,3.125,0.0,0.0,0.0,0.0,4.02777777777778,2.2222222222222223,0.0,6.597222222222222,4.02777777777778,3.2638888888888857,0.0,0.0,0.0,0.0,0.0,1.3888888888888893,0.0,0.0,1.25,0.0,0.0,0.0
101,3.541666666666667,0.0,0.0,2.2222222222222223,3.125,0.0,0.0,0.0,0.0,4.0277777777777795,2.2222222222222223,0.0,6.597222222222222,4.0277777777777795,3.2638888888888857,0.0,0.0,0.0,0.0,0.0,1.3888888888888893,0.0,0.0,1.25,0.0,0.0,0.0
102,3.55072463768116,0.0,0.0,0.9420289855072452,9.057971014492752,0.0,0.0,0.6521739130434785,1.1594202898550727,0.2898550724637694,1.0869565217391304,0.0,4.782608695652176,1.0869565217391304,2.318840579710145,0.0,1.5942028985507244,3.9130434782608696,0.07246376811594235,5.0,3.188405797101449,3.260869565217391,1.6666666666666667,3.188405797101449,0.0,0.0,0.0
103,4.270353302611366,0.0,0.0,0.0,0.7066052227342552,0.0,0.0,0.33794162826420937,2.150537634408602,4.270353302611366,0.0,0.0,20.8294930875576,4.301075268817204,3.9631336405529938,4.639016897081413,0.0,0.3686635944700458,0.0,0.0,11.029185867895546,0.7373271889400916,0.0,7.096774193548387,0.0,0.0,0.0
104,3.20945945945946,0.0,0.0,0.0,2.5900900900900887,0.0,0.0,0.7319819819819822,1.970720720720721,2.5900900900900887,0.0,3.5472972972972974,4.222972972972978,1.3513513513513509,8.445945945945946,2.083333333333333,1.3513513513513509,1.3513513513513509,0.0,0.0,4.0540540540540535,2.5900900900900887,2.083333333333333,0.05630630630630407,0.0,0.0,0.0
105,4.403131115459882,1.3698630136986298,0.0,2.73972602739726,1.3046314416177438,0.0,0.0,0.3587736464448792,1.3698630136986298,7.990867579908674,0.0,0.0,4.6966731898238745,1.3698630136986298,1.1415525114155225,0.0,0.0,0.0,0.0,1.3698630136986298,5.544683626875408,1.663405088062622,0.0,11.187214611872148,0.0,0.0,0.0
106,2.3870417732310307,4.3478260869565215,0.0,0.0,0.0,0.0,0.0,13.895993179880648,1.5345268542199486,4.603580562659845,0.0,0.0,0.4262574595055413,3.2395566922421146,5.882352941176469,1.96078431372549,5.882352941176469,5.200341005967603,1.96078431372549,1.96078431372549,0.8525149190110826,2.8132992327365733,0.0,9.377664109121907,0.0,0.0,0.0
107,3.1318187652419462,1.020408163265306,0.0,0.22461814914645206,4.344756770632781,0.0,0.0,4.781157746117317,0.6289308176100629,2.1242459247850083,1.17443203696573,1.2578616352201255,2.9328712617122314,1.0910024387113344,3.3821075600051342,0.7829546913104866,0.1540238737004236,1.7327685791297651,2.432293672185856,6.27647285329226,1.6621743036837369,0.9498138878192784,0.0,3.074059812604286,0.0,1.020408163265306,0.0
108,11.530198137980426,0.0,0.0,1.121986154213416,10.121747433755072,0.0,0.0,1.993315827166388,0.0,1.1100501312962514,0.0,0.0,0.8952017187873018,1.6949152542372878,5.096681785629028,0.8474576271186439,0.0,0.0,1.4084507042253518,2.8169014084507036,8.784912867032705,1.7068512771544526,0.0,7.089997612795415,0.0,0.0,0.0
109,3.267227849907263,0.0,0.0,1.6478812954772435,3.4955057782850645,0.0,0.0,1.0985875303181625,0.6134969325153374,3.488372093023256,0.0,0.0,6.035097731488088,0.6777000998715936,0.9987159366528752,0.6134969325153374,0.6777000998715936,2.682265658439149,2.0973034669710366,4.586959623341419,1.3910686260522187,2.5181908974176057,0.0,7.4261663575403025,0.0,0.0,0.0
110,2.3986486486486487,0.10135135135135133,1.25,0.0,4.932432432432432,0.0,0.0,4.358108108108109,0.5067567567567561,8.412162162162161,0.0,0.10135135135135133,0.8445945945945947,2.1621621621621614,0.4054054054054053,2.3986486486486487,0.0,2.8040540540540544,4.0540540540540535,0.0,5.236486486486488,0.10135135135135133,0.0,5.945945945945946,0.0,0.0,0.0
111,1.3201809686271604,0.0,0.0,1.6539345842913296,5.414225320774306,0.0,0.0,2.3511088036787067,0.40792108581176295,3.382036638730253,0.0,0.0,6.452569902840615,1.8467700066750723,3.7157902543944217,0.0,1.6539345842913296,2.373359044722984,2.1582733812949644,2.1582733812949644,3.0186160350070463,4.3832974857227605,0.0,2.136023140250685,0.0,0.0,0.0
112,2.061855670103093,1.4653902798232692,0.0,0.0,9.447717231222386,0.0,0.0,1.5022091310751096,5.5891016200294565,0.7142857142857143,0.3976435935198823,3.1369661266568487,3.3431516936671604,3.4462444771723115,2.1354933726067733,2.4963181148748155,1.6273932253313697,1.1929307805596467,2.0250368188512518,4.2488954344624466,1.5390279823269497,0.6774668630338736,0.7142857142857143,7.290132547864505,0.0,0.0,0.0
113,1.3793103448275863,1.6091954022988504,0.0,0.6896551724137931,0.9195402298850572,0.0,0.0,7.126436781609198,1.1494252873563218,3.67816091954023,0.6896551724137927,0.6896551724137931,3.552713678800501e-15,3.9080459770114935,1.6091954022988482,0.4597701149425286,0.4597701149425286,1.6091954022988504,0.4597701149425286,0.6896551724137931,8.881784197001252e-16,9.195402298850574,0.0,7.8160919540229905,0.0,0.0,0.0
114,2.483870967741934,0.0,0.0,0.0,1.5483870967741942,0.0,0.0,1.6129032258064515,0.0,0.8387096774193541,0.0,0.0,0.903225806451612,0.8064516129032258,11.096774193548386,3.193548387096774,1.6129032258064515,4.774193548387096,1.5806451612903232,0.0,3.903225806451614,3.1612903225806464,0.0,21.0,0.0,0.0,0.0
115,1.2280058651026398,1.7045454545454546,0.0,0.0,0.29325513196480824,0.0,0.0,3.6107038123167152,0.4765395894428151,4.472140762463342,0.09164222873900307,0.0,12.096774193548393,1.7228739002932532,1.7228739002932532,5.6085043988269785,0.09164222873900307,1.1363636363636365,0.5681818181818182,0.4765395894428151,0.5498533724340202,2.6576246334310847,0.0,3.5740469208211185,0.0,0.0,0.0
116,0.7404360345536816,1.8099547511312224,0.0,3.5376388317564778,2.015631427396133,0.0,0.0,0.9461127108185932,1.2751953928424509,0.24681201151789398,0.08227067050596465,1.2340600575894696,8.885232414644179,4.031262854792267,0.20567667626491204,1.0695187165775402,0.3290826820238586,1.5631427396133275,1.563142739613328,1.0283833813245575,3.2085561497326207,1.4808720691073631,0.3702180172768408,3.04401480872069,0.0,0.0,0.0
117,1.9868043389122896,4.200991538375517,0.0,5.006150519998509,1.0399970179296965,0.0,0.0,10.19122525813546,0.0,4.7787676594475705,0.9207142058374026,0.0,6.392813210571438,6.042419950050322,0.17146904238267435,0.0,0.7194244604316546,0.950534908860476,2.3036493085324485,1.7258731874603943,4.603571029187012,5.032243635143699,0.7194244604316546,1.4984903269094565,0.0,0.0,0.0
118,0.2439024390243905,1.43089430894309,0.0,1.3333333333333333,13.02439024390244,0.0,0.0,7.853658536585367,1.2195121951219512,6.4552845528455265,1.2195121951219512,0.6666666666666666,9.398373983739836,1.2195121951219512,2.7804878048780486,0.0,0.6666666666666666,0.7804878048780488,0.11382113821138208,8.86178861788618,0.8943089430894307,0.4390243902439024,0.0,3.3495934959349603,0.0,1.3333333333333333,0.0
119,2.220692029609227,1.6216216216216215,0.0,0.0,0.6369426751592356,0.0,0.0,0.7333448097779307,1.0225512136340158,4.131520055086933,0.4441384059218455,1.2738853503184713,0.003442933379240287,7.9703907729385435,0.9468066792907556,0.6369426751592356,2.3170941642279224,1.0432088139094509,0.0,5.3847478051299715,6.9478395593045255,11.027715613702876,0.0,0.8504045446720614,0.0,0.0,0.0
120,5.994152046783625,3.5087719298245608,0.0,0.0,5.701754385964912,0.0,0.0,0.7309941520467835,0.0,3.362573099415206,0.0,0.0,7.7485380116959055,0.0,1.3157894736842095,0.0,0.0,0.0,0.0,0.0,20.760233918128648,5.409356725146196,0.0,3.654970760233917,0.0,0.0,0.0
121,1.26918195454021,1.26918195454021,0.0,0.0,4.7421253028729655,0.0,0.0,0.9345794392523364,0.9518864659051576,2.4518287758163138,1.2172608745817468,0.9345794392523364,4.147917387792777,0.9865005192108001,1.603784469828084,3.4383292950271143,0.6345909772701049,0.8999653859466941,1.2345679012345678,1.8691588785046729,3.934464059074652,0.5307488173531779,0.6172839506172839,3.5998615437867763,0.0,0.0,0.0
122,1.5513828705932704,0.0,1.492537313432836,0.2407318247472312,0.053495961054942136,0.0,0.0,0.1818862675867967,2.450115016316268,4.354571229872145,0.35842293906810035,0.35842293906810035,2.4554646124217605,2.444765420210774,0.005349596105492793,0.058845557160434485,0.5403092066548973,2.2682287487294706,0.35842293906810035,3.5200342374150755,3.0492697801315987,3.889156368694163,0.0,1.85630984860643,0.0,0.0,0.0
123,3.2801418439716308,0.7683215130023644,0.0,0.0,1.5661938534278956,0.0,0.0,3.5756501182033102,0.1182033096926718,2.1867612293144214,0.0,0.0,1.034278959810873,1.3002364066193852,4.373522458628844,3.5756501182033102,3.4574468085106376,3.4574468085106376,1.359338061465721,0.6796690307328604,0.5023640661938522,1.950354609929077,0.7092198581560284,0.5614657210401894,0.0,0.7092198581560284,0.0
124,1.9965949543414307,1.4084507042253518,0.0,0.0,6.144559665686427,0.0,0.0,1.718000309549605,1.0989010989010992,12.505804055099828,0.0,0.0,4.256307073208482,1.4084507042253518,5.494505494505495,0.309549605324253,1.0989010989010992,1.748955270082032,3.296703296703297,0.0,1.300108342361867,3.234793375638444,0.0,1.857297631945518,0.0,0.0,0.0
125,2.1850112313661425,4.329181131304882,0.0,0.0,1.1129262813967733,0.0,0.0,0.622830304267918,0.0,8.658362262609764,0.0,0.3573616499897898,4.941801102715947,2.9916275270573838,3.5736164998978985,0.0,1.5621809270982236,0.1327343271390644,0.4900959771288542,2.409638554216868,5.350214416989994,4.5027567898713485,0.0,4.5435981212987535,0.0,0.0,0.0
126,4.904167519268809,2.209944751381216,0.0,0.5183821021758401,2.407748448264103,0.0,0.0,3.2808130414023595,0.5524861878453039,4.092490280335583,0.5524861878453039,0.0,1.7256667348748391,1.882545528954368,2.5373439738080634,0.5524861878453039,0.5524861878453039,0.845781324602688,2.5032398881386,0.0,0.034104085669463664,5.333878998704046,0.0,5.129254484687264,0.0,0.0,0.0
127,1.2241315594974125,0.0,0.0,2.6930894308943083,2.725424981522547,0.0,0.0,4.808758314855876,1.0578344419807832,0.3325942350332589,3.17350332594235,0.0,0.24482631189948256,0.5681818181818182,0.2540650406504055,0.0,1.0578344419807832,0.6467110125646713,4.554693274205469,4.554693274205469,0.157058388765706,12.63858093126386,0.5681818181818182,6.651884700665189,0.0,0.0,0.0
128,1.7341040462427748,0.5780346820809249,0.0,3.4682080924855496,10.404624277456648,0.0,0.0,4.624277456647398,1.1560693641618498,11.464354527938347,1.7341040462427748,0.5780346820809249,22.543352601156073,9.730250481695569,45.95375722543353,0.0,1.1560693641618498,14.354527938342967,2.3121387283237,1.7341040462427748,9.826589595375726,10.404624277456648,0.0,9.248554913294797,0.0,0.0,0.0
129,2.232667450058754,0.0,0.9009009009009008,2.5460242851547195,3.4469251860556205,0.0,0.0,5.092048570309439,0.9009009009009008,18.174696435566002,0.9009009009009008,0.0,1.1750881316098685,2.3893458676067363,3.603603603603603,0.0,0.0,6.893850372111241,0.0,0.0,3.2902467685076378,6.580493537015276,0.0,8.264786525656094,0.0,0.9009009009009008,0.0
130,1.0510164940544686,3.6363636363636367,0.0,2.9228998849252017,0.6444188722669733,0.0,0.0,2.140391254315305,1.6417337936325291,4.242424242424242,0.6060606060606061,0.6060606060606061,9.290372075182203,0.10740314537782902,2.9075565784426547,2.9766014576141155,1.2658227848101269,1.6033755274261603,0.6597621787495206,1.3195243574990412,5.29344073647871,1.4806290755657845,0.0,1.4806290755657845,0.0,0.0,0.0
131,0.7420399352401512,0.9174311926605504,0.0,0.2630868861305986,7.204533189422557,0.0,0.0,3.2987048030221278,0.08769562871019954,2.0304910955207776,0.6408526713437671,0.0,0.4317323259579062,3.1165677280086346,3.5887749595250966,0.0,0.6408526713437671,0.09444144630329188,0.3642741500269833,2.016999460334593,4.695089044792228,2.6511063140852675,0.0,3.926065839179708,0.0,0.0,0.0
132,11.111111111111107,0.0,0.0,3.125,0.0,0.0,0.0,3.125,0.0,0.0,0.0,0.0,3.472222222222221,0.0,21.875,0.0,0.0,3.125,0.0,0.0,11.458333333333329,3.472222222222221,0.0,4.861111111111111,0.0,3.125,0.0
133,2.4223602484472035,0.0,0.0,6.245686680469289,5.293305728088338,0.0,0.0,1.1801242236024834,0.6211180124223602,1.9944789510006893,1.6011042097998622,1.6011042097998622,2.1601104209799846,0.979986197377502,3.1400966183574885,0.6211180124223602,0.7522429261559695,2.091097308488613,2.7122153209109734,0.09661835748792312,4.803312629399587,3.7888198757763982,0.0,3.830227743271221,0.0,0.0,0.0
134,5.2287581699346415,1.9310754604872251,0.0,2.0202020202020203,0.7427213309566252,0.0,0.0,0.08912655971479477,1.0101010101010102,0.9209744503862152,0.0,1.0101010101010102,7.011289364230543,1.0992275698158052,0.7427213309566252,0.0,4.040404040404041,0.8318478906714201,1.9310754604872251,2.9411764705882355,2.0202020202020203,2.6737967914438503,0.0,3.2085561497326207,0.0,0.0,0.0
135,3.4471853257432015,0.0,0.0,1.075268817204301,0.2846299810246675,0.0,0.0,1.8659076533839345,0.0,3.7950664136622367,0.0,0.0,8.096141682479441,7.748260594560405,1.4231499051233385,1.8659076533839345,0.0,2.6565464895635684,0.0,0.0,2.21378874130297,8.538899430740036,0.0,9.234661606578113,0.0,0.0,0.0
137,7.328767123287671,0.0,1.1301369863013702,1.6095890410958895,7.020547945205481,0.0,0.0,4.10958904109589,0.0,10.068493150684931,0.0,0.0,4.04109589041096,6.13013698630137,0.89041095890411,0.0,1.1301369863013702,7.08904109589041,0.2397260273972601,0.0,3.2191780821917795,19.28082191780822,0.0,5.9589041095890405,0.0,0.0,0.0
138,6.015037593984963,0.0,0.0,0.0,4.511278195488722,0.0,0.0,5.3571428571428585,0.0,6.7669172932330826,0.0,1.7857142857142858,5.2631578947368425,1.7857142857142858,1.033834586466165,0.0,0.0,2.631578947368421,0.0,1.7857142857142858,0.3759398496240607,2.255639097744361,0.0,6.296992481203008,0.0,0.0,0.0
139,5.3884711779448615,1.1904761904761905,0.0,0.0,3.4461152882205512,0.0,0.0,2.380952380952381,1.1278195488721805,5.200501253132831,1.1904761904761905,0.06265664160400998,8.709273182957396,7.581453634085213,3.0075187969924815,4.636591478696742,2.380952380952381,1.7543859649122806,1.7543859649122806,1.1904761904761905,1.6917293233082704,0.12531328320801993,0.0,1.566416040100254,0.0,0.0,0.0
140,11.355311355311349,5.128205128205128,0.0,0.0,2.2588522588522597,0.0,0.0,2.86935286935287,0.8547008547008547,3.4798534798534817,0.0,0.0,7.6923076923076925,1.7094017094017089,5.433455433455434,1.7094017094017089,0.0,3.7240537240537246,2.564102564102564,0.0,18.009768009768013,10.256410256410255,0.0,10.866910866910867,0.0,0.8547008547008547,0.0
141,5.1398601398601365,0.7575757575757576,0.0,0.6410256410256414,11.934731934731936,0.0,0.0,2.156177156177155,1.5151515151515151,10.104895104895103,0.0,0.0,9.393939393939394,3.8811188811188817,3.0303030303030303,0.0,0.0,2.3426573426573443,1.4918414918414915,0.6876456876456869,3.857808857808858,1.5384615384615383,0.0,3.764568764568765,0.0,0.0,0.0
142,3.7037037037037037,0.0,0.0,0.0,0.0,0.0,0.0,0.0,0.0,1.1396011396011394,0.35612535612535623,0.0,3.6324786324786302,2.5641025641025643,1.923076923076924,1.2820512820512822,1.2820512820512822,0.14245014245014298,0.0,0.0,0.8547008547008534,3.276353276353277,0.0,2.3504273504273527,0.0,0.0,0.0
143,1.2987012987012987,6.493506493506493,0.4234895539243366,0.0,0.0,0.0,0.0,1.750423489553924,5.223037831733484,0.056465273856577625,2.1739130434782608,0.8752117447769621,6.437041219649915,3.049124788255223,2.569169960474308,1.7221908526256349,0.0,2.6256352343308857,0.0,0.0,2.1174477696216822,4.7148503670242805,1.2987012987012987,11.321287408243933,0.0,0.0,0.0
144,4.302987197724038,0.0,0.0,0.0,2.418207681365576,0.0,0.0,0.0,6.507823613086772,1.4224751066856332,0.0,0.0,0.4267425320056901,5.192034139402562,1.4935988620199137,0.0,0.0,0.035561877667140696,1.3157894736842106,1.3157894736842106,2.5604551920341403,1.1735419630156478,0.0,12.802275960170693,0.0,0.0,0.0
145,0.5456349206349205,1.5873015873015872,1.0416666666666667,0.0,4.017857142857143,0.0,0.0,1.984126984126985,1.0416666666666667,7.5892857142857135,1.0416666666666667,0.0,2.480158730158732,5.307539682539682,3.621031746031747,0.0,1.0416666666666667,0.5952380952380949,0.0,6.398809523809524,2.777777777777777,6.994047619047617,0.0,0.3472222222222232,0.0,0.0,0.0
146,1.6269284712482488,0.2524544179523143,0.0,1.6129032258064515,5.820476858345021,0.0,0.0,3.6044880785413747,1.6129032258064515,2.1178120617110805,0.0,0.0,3.7447405329593266,4.838709677419354,7.349228611500701,1.6129032258064515,0.8695652173913043,0.7433380084151472,1.1220196353436185,1.7391304347826086,6.942496493688639,4.600280504908836,0.0,3.842917251051893,0.0,0.0,0.0
147,6.274509803921567,0.0,0.0,0.0,0.0,0.0,0.0,5.490196078431373,0.0,3.1372549019607803,1.96078431372549,0.0,1.56862745098039,1.1764705882352942,7.843137254901963,0.0,1.1764705882352942,0.7843137254901958,0.0,0.0,1.1764705882352935,3.5294117647058822,0.0,13.725490196078432,0.0,0.0,0.0
148,0.7602862254025045,0.0,0.0,6.261180679785332,19.499105545617176,0.0,0.0,5.724508050089445,3.488372093023256,1.9230769230769231,1.162790697674419,1.162790697674419,1.162790697674419,0.7602862254025045,1.5652951699463329,0.0,0.4025044722719142,4.203935599284438,3.8461538461538463,4.203935599284438,12.656529516994633,1.8336314847942743,0.0,1.2075134168157424,0.0,0.0,0.0
149,2.3380368730044294,0.7518796992481203,0.0,2.523431867339581,3.2753115665877015,0.0,0.0,5.2940570604593695,0.13389638479761046,4.59367597074879,3.97569265629828,0.0,9.609640539705426,0.4840869296528996,2.523431867339581,0.0,0.0,1.5037593984962403,0.7518796992481203,0.8342774745081885,0.4840869296528996,7.199505613348439,0.0,4.1301884849109065,0.0,0.0,0.0
150,7.256235827664401,0.0,0.0,1.3038548752834471,0.4818594104308396,0.0,0.0,3.3021541950113384,2.083333333333333,10.58673469387755,0.0,0.0,1.8707482993197289,0.6094104308390023,4.166666666666666,2.0408163265306123,2.7777777777777777,1.9982993197278915,0.0,2.125850340136054,4.606009070294786,5.031179138321996,0.0,3.3021541950113384,0.0,0.0,0.0
151,2.9233696592285074,0.0,0.7092198581560284,0.7092198581560284,1.4184397163120568,0.0,0.0,0.1037882719252724,1.3319494897076627,3.269330565646082,0.1037882719252724,2.5428126621691747,9.064175748140462,3.874762151876837,0.7784120394395444,1.9200830306175405,0.0,0.4151530877010896,0.7092198581560284,0.0,4.0823386957273815,1.3492475350285411,0.0,1.158969036498874,0.0,0.0,0.0
152,5.147058823529413,17.647058823529417,0.0,0.0,4.319852941176471,0.0,0.0,6.25,0.0,1.194852941176471,1.5625,0.0,29.6875,3.9522058823529416,3.9522058823529416,0.0,0.0,3.125,0.0,1.5625,1.5625,1.6544117647058842,0.0,5.882352941176473,0.0,0.0,0.0
153,1.3475177304964543,3.9361702127659575,0.0,0.0,13.439716312056738,0.0,0.0,6.808510638297872,3.191489361702128,13.829787234042554,2.269503546099291,0.0,6.0992907801418434,2.269503546099291,1.3475177304964543,0.0,1.6666666666666667,0.6028368794326242,0.0,1.2056737588652484,8.971631205673761,1.0283687943262425,0.0,3.8297872340425516,0.0,0.0,0.0
154,2.9767441860465116,0.0,0.0,3.488372093023256,13.534883720930235,0.0,0.0,1.604651162790697,0.0,3.558139534883721,0.0,4.0,7.558139534883722,4.511627906976744,6.395348837209302,1.162790697674419,1.744186046511628,1.0930232558139532,2.3255813953488373,2.255813953488372,2.395348837209303,0.2325581395348841,0.0,4.372093023255813,0.0,0.0,0.0
155,4.1005291005291005,0.0,0.0,0.0,1.851851851851852,0.0,0.0,1.7195767195767198,0.0,1.851851851851852,0.0,3.571428571428572,2.7777777777777786,3.571428571428572,13.095238095238097,0.0,1.7195767195767198,7.142857142857142,0.0,0.0,5.15873015873016,1.851851851851852,0.0,2.910052910052908,0.0,0.0,0.0
156,2.9180695847362523,2.4691358024691357,0.0,0.0,11.503928170594834,0.0,0.0,9.932659932659934,0.0,13.243546576879911,0.0,0.0,0.4489337822671171,0.0,2.020202020202019,0.0,2.4691358024691357,6.172839506172839,4.545454545454546,1.2345679012345678,11.1672278338945,7.800224466891133,0.0,8.585858585858585,0.0,0.0,0.0
157,4.662004662004662,0.0,0.0,0.0,1.3986013986013974,0.0,0.0,1.5384615384615383,7.6923076923076925,25.45454545454545,0.0,1.4918414918414915,6.247086247086247,3.0769230769230766,4.7086247086247095,0.0,0.0,1.4918414918414915,0.0,1.5384615384615383,1.4918414918414915,4.7086247086247095,0.0,2.843822843822844,0.0,0.0,0.0
158,2.041742286751361,0.0,0.0,0.0,0.8771929824561403,0.0,0.0,0.8771929824561403,2.5408348457350285,0.28735632183908066,0.0,0.8620689655172413,16.848154869933456,0.0453720508166966,0.9981851179673322,5.278281911675741,0.8469449485783423,1.7695099818511797,0.0,0.8771929824561403,3.569267997580157,0.0453720508166966,0.8771929824561403,3.5541439806412582,0.0,0.0,0.0
159,5.619859884252208,2.0408163265306123,0.0,0.15229972586049367,1.1879378617118483,0.0,0.0,2.391105696009748,3.3353639963448067,0.9899482180932077,1.2945476698141944,6.122448979591838,2.0865062442887603,3.8836430094425833,4.477611940298508,0.1979896436186417,0.0,5.178190679256779,1.0965580261955528,3.8836430094425833,0.3502893694791349,13.478525738653671,0.0,1.6905269570514774,0.0,0.0,0.0
160,4.582065509217828,1.3781993914444244,0.0,0.6622516556291391,6.228745301592983,0.0,0.0,0.6622516556291391,3.3112582781456954,16.502595310542333,1.3245033112582782,0.6622516556291391,19.903347055664934,2.147843207445857,3.3112582781456954,0.0,0.0,2.7027027027027017,2.7563987828888488,2.7027027027027017,3.150170037587257,6.5151243959190985,0.0,2.863790943261141,0.0,0.0,0.0
161,8.108108108108109,5.0,0.0,8.243243243243244,11.621621621621616,0.0,0.0,1.3513513513513509,0.0,7.8378378378378395,0.0,0.0,0.9459459459459456,5.405405405405406,9.18918918918919,0.0,0.0,2.7027027027027017,1.3513513513513509,0.0,8.108108108108109,1.2162162162162176,0.0,8.648648648648653,0.0,0.0,0.0
162,7.448706512042817,10.883140053523645,0.0,3.389830508474576,5.2631578947368425,0.0,0.0,0.8474576271186439,1.6949152542372878,16.94915254237288,0.0,0.0,3.2560214094558435,10.526315789473683,6.601248884924175,3.389830508474576,1.6949152542372878,7.983942908117753,0.0,0.8474576271186439,2.542372881355932,6.467439785905443,0.0,1.8733273862622664,0.0,0.8474576271186439,0.0
163,0.26676279740446995,0.0,0.0,1.4203316510454216,3.2588320115356892,0.0,0.0,2.0187454938716645,0.0,3.8932948810382113,2.523431867339581,0.05046863734679175,3.4390771449170874,0.05046863734679175,0.6344628695025234,0.6849315068493149,1.0526315789473684,1.0021629416005766,0.0,3.5255948089401583,0.6344628695025234,0.13698630136986267,0.0,7.231434751261716,0.0,0.0,0.0
164,1.6000000000000014,0.8,0.0,3.2,0.8,0.0,0.0,0.0,0.0,9.6,0.0,0.0,3.200000000000003,4.0,2.4000000000000004,0.0,2.3999999999999995,0.8,0.8,1.6,3.200000000000001,1.5999999999999996,0.0,0.7999999999999972,0.0,0.0,0.0
165,4.212055192447352,0.0,0.0,1.2345679012345678,3.1227305737109674,0.0,0.0,2.469135802469136,0.6172839506172839,1.4161220043573002,0.6172839506172839,2.9411764705882355,2.6870007262164144,2.178649237472768,0.9440813362381996,1.2345679012345678,1.2345679012345678,1.5613652868554837,3.08641975308642,1.2345679012345678,6.790123456790122,5.22875816993464,2.9411764705882355,1.7429193899782156,0.0,0.0,0.0
166,3.7037037037037037,8.333333333333334,0.0,0.0,13.888888888888893,0.0,0.0,1.8518518518518519,1.8518518518518519,28.11447811447812,0.0,0.0,2.35690235690236,7.23905723905724,1.0101010101010095,0.9259259259259259,2.6936026936026938,3.61952861952862,0.0,0.0,9.25925925925926,0.3367003367003356,0.0,1.936026936026936,0.0,0.9259259259259259,0.0
167,0.2439024390243905,0.0,0.0,0.0,1.4634146341463414,0.0,0.0,0.975609756097561,0.2439024390243905,1.7073170731707314,1.2195121951219512,1.4634146341463414,7.073170731707316,1.951219512195122,3.1707317073170724,1.2195121951219512,0.24390243902439024,1.4634146341463414,0.0,0.0,5.365853658536587,1.951219512195122,0.0,5.365853658536587,0.0,0.0,0.0
168,1.0901162790697685,1.962209302325581,0.0,3.488372093023256,3.0523255813953494,0.0,0.0,3.5610465116279064,0.0,14.171511627906975,0.0,0.0,7.921511627906978,1.962209302325581,0.4360465116279064,0.0,1.162790697674419,0.7994186046511627,4.651162790697675,0.3633720930232558,2.6889534883720936,3.488372093023256,0.0,10.828488372093025,0.0,0.0,0.0
169,11.69467787114846,0.0,0.0,4.761904761904762,2.380952380952381,0.0,0.0,1.1904761904761905,1.1904761904761905,7.142857142857142,0.0,0.0,13.235294117647054,0.0,4.481792717086837,4.69187675070028,0.0,4.761904761904762,0.0,0.0,14.005602240896359,0.0,0.0,0.21008403361344466,0.0,0.0,0.0
170,14.285714285714288,0.0,0.0,8.571428571428571,1.4285714285714286,0.0,0.0,0.0,0.0,2.8571428571428537,0.0,0.0,15.714285714285715,0.0,18.571428571428573,0.0,0.0,0.0,0.0,2.8571428571428568,1.4285714285714288,0.0,0.0,2.8571428571428577,0.0,0.0,0.0
171,3.7687639731715095,0.0,0.99009900990099,0.0,4.694985627595019,0.0,0.0,1.2775471095496655,2.9702970297029703,7.665282657297987,0.99009900990099,0.0,17.406579367614178,3.96039603960396,0.99009900990099,0.0,0.99009900990099,5.461513893324816,0.0,4.950495049504951,4.950495049504951,0.99009900990099,0.0,6.228042159054615,0.0,0.0,0.0
172,1.8290898448931792,0.4901960784313725,0.0,2.026631548141645,1.4632718759145433,0.0,0.0,0.299970734562482,2.4509803921568625,2.6851038923031902,0.2560725782850454,0.2341235001463271,4.51419373719637,1.3023119695639456,2.6851038923031902,0.9803921568627452,0.7243195785776996,3.5191688615744816,1.5144863915715543,0.5121451565700909,0.04389815627743676,5.999414691249638,0.0,2.582674860989173,0.0,0.0,0.0
173,2.5825825825825826,0.5405405405405406,0.0,1.561561561561561,13.693693693693696,0.0,0.0,2.2822822822822824,1.6816816816816818,1.6816816816816818,2.7027027027027017,0.5405405405405406,16.096096096096097,1.6816816816816818,2.4624624624624616,2.2222222222222223,0.5405405405405406,0.6006006006006006,2.1621621621621623,0.6006006006006006,0.7207207207207205,2.042042042042042,0.0,1.4414414414414418,0.0,0.5405405405405406,0.0
174,0.0,0.0,0.0,1.0638297872340423,5.564648117839607,0.0,0.0,1.7594108019639934,6.423895253682487,4.664484451718495,0.0,0.0,10.392798690671027,0.0,5.728314238952535,1.0638297872340423,0.0,2.782324058919804,0.0,0.0,2.414075286415711,1.3911620294599023,0.0,4.500818330605565,0.0,0.8592471358428806,0.0
175,1.8680494814444584,0.6622516556291391,0.0,1.24328376858678,4.854429588904161,0.0,0.0,2.3491190803448703,1.9867549668874167,3.8548044483318753,0.3811070848431839,2.0679745095589155,1.3869798825440451,1.5244283393727356,4.317131075846556,0.0,1.043358740472323,0.5622891415719105,1.805572910158692,3.292515306759965,3.1300762214169686,2.46782456578783,0.0,0.5997750843433725,0.0,0.0,0.0
176,0.5325623858794883,0.0,0.0,0.56299452221546,0.8520998174071828,0.0,0.0,0.015216068167985597,0.8064516129032258,17.741935483870968,0.0,0.0,1.3390139987827143,0.5325623858794883,4.59525258673159,0.5325623858794883,0.8064516129032258,3.7735849056603774,0.0,0.0,3.8040170419963495,3.545343883140598,0.0,5.143031040779063,0.0,0.0,0.0
177,5.5497162076939235,2.985074626865672,0.0,1.492537313432836,1.8288837502627715,0.0,0.0,1.0721042673954164,0.0,0.7357578305654808,0.0,0.0,1.4084507042253518,1.4084507042253518,4.961109943241537,0.0,1.4084507042253518,3.4055076729030915,0.0,0.0,14.44187513138533,0.3363464368299356,0.0,7.946184570107207,0.0,0.0,0.0
178,1.819522989918859,0.8359970494221785,0.0,2.9628718957462503,2.0039341037619867,0.0,0.0,3.3931644947135484,0.6024096385542169,5.1880993361199925,0.651585935579051,1.3892303909515615,0.17211703958692048,1.06958446029014,0.3688222276862554,0.1844111138431277,0.3688222276862554,0.7868207523973447,1.3892303909515615,0.4179985247110892,0.09835259404966834,0.27046963363658705,0.0,3.3931644947135484,0.0,0.0,0.0
179,5.483870967741937,0.0,0.0,0.0,1.6129032258064515,0.0,0.0,1.6129032258064515,0.0,11.666666666666664,0.0,2.419354838709677,24.677419354838708,3.2258064516129035,2.634408602150538,0.8064516129032258,0.0,4.24731182795699,0.0,0.0,4.838709677419354,9.462365591397848,0.0,1.3978494623655908,0.0,0.0,0.0
180,1.3479116047668638,4.321416174939258,0.0,0.4975124378109453,0.9950248756218906,0.0,0.0,0.1677658220525281,0.17355085039916673,2.308226310308921,0.0,0.4975124378109453,2.0189748929769777,1.8222839291912527,4.963554321416176,2.169385629989587,1.4983223417794749,1.162790697674419,0.0,0.0,1.3363415480735856,2.4933472174013653,0.0,5.108180030082148,0.0,0.4975124378109453,0.0
181,7.0588235294117645,0.0,0.0,4.705882352941177,0.0,0.0,0.0,0.0,10.0,16.470588235294116,0.0,0.0,15.882352941176471,1.1764705882352942,35.882352941176464,2.3529411764705883,2.3529411764705883,12.941176470588234,0.0,0.0,4.705882352941177,0.0,0.0,11.176470588235292,0.0,0.0,0.0
182,0.09157509157509124,0.0,1.0989010989010992,1.0073260073260073,5.9523809523809526,0.0,0.0,1.5567765567765577,2.1978021978021984,5.586080586080587,6.593406593406594,7.326007326007327,10.164835164835166,3.021978021978022,4.395604395604397,1.556776556776557,2.1978021978021984,1.2820512820512822,0.9157509157509158,0.0,3.937728937728937,6.95970695970696,0.0,3.0219780219780237,0.0,0.0,0.0
183,2.107587314331594,0.0,0.0,1.1842633480529907,12.484945804897633,0.0,0.0,0.9433962264150944,1.1842633480529907,1.6258530710558006,0.0,0.9433962264150944,12.344439983942197,3.5527900441589724,0.2609393817743868,1.1842633480529907,0.0,2.127659574468085,0.0,2.127659574468085,4.716981132075472,0.4817342432757927,0.0,1.6258530710558006,0.0,0.0,0.0
184,2.073070607553367,0.0,0.0,3.4482758620689653,1.9704433497536944,0.0,0.0,8.949096880131359,0.5952380952380952,2.4630541871921183,1.1494252873563218,0.5952380952380952,6.5681444991789855,1.2725779967159276,2.545155993431856,1.1083743842364528,1.2315270935960592,1.2725779967159276,3.653530377668309,0.0,3.119868637110016,2.6477832512315267,0.0,0.12315270935960587,0.0,0.0,0.0
185,2.224310776942356,0.2819548872180446,0.0,5.576441102756891,0.3759398496240607,0.0,0.0,0.7832080200501255,2.0050125313283207,0.81453634085213,0.5325814536340852,1.5977443609022552,10.30701754385965,2.882205513784461,7.330827067669173,1.1904761904761905,3.947368421052632,1.5977443609022552,0.6578947368421053,1.3157894736842106,2.4122807017543857,4.605263157894737,0.0,3.7593984962406,0.0,0.0,0.0
186,1.2459289555404074,0.6134969325153374,0.0,2.438839657653564,2.548663182610012,0.0,0.0,3.6658335226842387,0.018935090509732518,0.6400060592289627,1.2421419374384608,0.0,0.11739756116034172,4.2414602741801115,6.8166325835037505,0.6021358782094981,1.2459289555404074,0.0,0.6134969325153374,0.03408316291751845,1.1664015753995312,1.8253427251382264,0.0,1.2572900098462467,0.0,0.0,0.0
187,6.2223929325907426,0.7874015748031497,0.0,0.7874015748031497,0.9890531976185908,0.0,0.0,7.009794507393893,0.7874015748031497,5.61743806414442,0.0,1.2963318609564043,3.831380833493375,2.0837334357595543,1.0658728634530448,3.3800652967159586,0.0,1.5748031496062993,0.0,0.7874015748031497,1.958901478778566,6.2223929325907426,0.0,15.728826579604378,0.0,0.0,0.0
188,4.2222222222222205,0.22222222222222232,0.0,0.5,11.222222222222221,0.0,0.0,10.388888888888893,0.44444444444444464,7.0,0.0,0.0,11.944444444444445,1.7222222222222223,3.333333333333332,0.0,0.0,4.055555555555555,2.055555555555556,10.111111111111107,3.2222222222222223,3.6666666666666634,0.5,7.3888888888888875,0.0,0.0,0.0
189,2.333333333333333,0.6666666666666667,0.0,1.6666666666666667,7.0,0.0,0.0,0.0,0.0,9.666666666666668,0.0,1.3333333333333337,1.333333333333334,0.0,6.333333333333334,0.0,1.6666666666666667,0.3333333333333333,1.3333333333333333,0.0,5.666666666666666,11.666666666666664,0.0,5.666666666666668,0.0,0.0,0.0
190,3.850974136948844,3.645892674034408,0.0,6.209410960464853,1.389996581975618,0.0,0.0,1.595078044890054,0.7633587786259542,4.2725304773840715,1.560897801070981,0.797539022445027,3.463598040332688,0.694998290987809,1.629258288709126,0.7291785348068817,2.985074626865672,2.9508943830466,0.694998290987809,1.5267175572519085,0.3873760966161548,0.6608180471687368,0.0,2.985074626865672,0.0,0.0,0.0
191,0.07960199004975088,0.5024875621890548,0.5024875621890548,0.965174129353234,2.9154228855721414,0.0,0.0,1.4676616915422889,0.0,0.482587064676617,1.0,0.5024875621890548,3.9552238805970164,3.5174129353233834,5.970149253731344,0.00497512437810943,1.0049751243781095,1.0,1.0,2.965174129353234,3.9502487562189055,12.039800995024875,1.0,0.517412935323383,0.0,0.0,0.0
192,4.2586226017522435,0.0,0.0,6.631917489187093,7.40822890096484,0.0,0.0,0.5434179882444283,0.0,0.9537540201840968,0.7874015748031497,0.0,0.90939336808251,0.0,7.086614173228347,4.846401242098257,0.1663524453809473,0.1663524453809473,3.3159587445935466,1.0757458134634574,0.454696684041255,5.22346678496174,0.0,5.922147055561715,0.0,0.0,0.0
193,0.44444444444444464,0.0,0.0,0.0,1.3333333333333333,0.0,0.0,0.0,0.0,0.4444444444444464,0.0,0.0,13.333333333333329,0.0,5.777777777777778,1.3333333333333333,0.0,0.0,0.0,0.0,8.444444444444446,0.4444444444444429,0.0,1.333333333333334,0.0,0.0,0.0
194,2.132855747313579,0.0,0.0,2.9903397373276888,0.5807011831108211,0.0,0.0,0.3201997177900795,0.01628134158254735,0.5915554108325192,0.0,0.005427113860849042,0.5644198415282755,1.4978834255942688,7.554542494301531,0.9009009009009008,2.9957668511885376,1.4978834255942688,0.29849126234668394,0.29849126234668394,0.2876370346249866,6.045804840985565,0.0,3.5710409204385094,0.0,0.0,0.0
195,0.21533613445378152,0.8403361344537815,1.25,0.8403361344537815,0.5619747899159666,0.0,0.0,2.4789915966386555,0.0,3.513655462184874,0.0,2.326680672268908,8.061974789915968,2.9936974789915967,0.8613445378151261,2.326680672268908,0.625,3.5976890756302518,3.361344537815126,2.5,0.8613445378151261,0.9978991596638664,0.0,1.764705882352942,0.0,0.0,0.0
196,11.295822676896845,0.0,0.0,10.869565217391305,5.541346973572037,0.0,0.0,6.734867860187554,0.0,67.98806479113384,0.0,2.1739130434782608,5.541346973572037,1.96078431372549,0.5541346973572034,2.1739130434782608,2.1739130434782608,1.1935208866155156,0.0,6.521739130434782,15.643648763853367,0.0,0.0,0.6393861892583121,0.0,0.0,0.0
197,5.2710843373493965,0.0,0.0,6.676706827309237,0.7530120481927725,0.0,0.0,1.6942771084337354,0.0,3.3509036144578306,0.0,0.0,1.4683734939759052,3.6144578313253017,1.9578313253012067,2.409638554216868,2.9618473895582333,0.22590361445783105,1.2048192771084338,0.0,4.781626506024097,0.1631526104417671,0.0,3.3509036144578306,0.0,0.0,0.0
198,2.2180451127819527,0.0,0.6578947368421053,5.195488721804511,1.7142857142857142,0.0,0.0,2.25187969924812,5.296992481203008,0.3120300751879697,0.0,2.4060150375939857,2.323308270676687,0.4323308270676698,2.0112781954887207,0.7443609022556392,0.08646616541353391,1.4887218045112784,0.0,0.0,0.7593984962406033,0.4849624060150375,0.0,4.639097744360903,0.0,0.0,0.0
199,6.333624689033817,0.0,0.0,0.3630740267599002,5.5469642977207005,0.0,0.0,2.4473878840852548,0.0,9.628185302225507,3.018893296577692,0.0,3.301284206279836,2.2994688361460365,6.3403482821219646,0.5782290055805821,0.8606199152827272,0.5715054124924359,2.5146238149667184,1.3648893968937001,0.793383984401264,3.018893296577692,0.0,4.175351307738857,0.0,0.0,0.0
200,3.1780821917808204,1.3698630136986298,0.0,1.2602739726027399,4.10958904109589,0.0,0.0,2.73972602739726,2.6301369863013697,6.520547945205481,0.0,0.0,2.9589041095890405,8.0,1.4794520547945202,2.73972602739726,0.0,0.0,0.0,0.0,8.328767123287669,5.1506849315068495,0.0,4.712328767123289,0.0,1.3698630136986298,0.0
201,0.6918744971842328,0.0,0.0,0.0724054706355588,3.829444891391793,0.0,0.0,6.1222847948511685,0.9090909090909092,5.2131938857602576,3.6846339501206753,1.8664521319388567,5.020112630732102,2.0353982300884947,1.5768302493966226,0.9090909090909092,2.727272727272727,4.4247787610619485,0.0,1.8664521319388567,8.350764279967821,3.4432823813354783,0.0,0.2413515687851948,0.0,0.0,0.0
202,10.364892714268398,1.8547702751848707,0.0,1.8547702751848707,0.654624803006425,0.0,0.0,4.4247787610619485,0.4849072614862406,1.1152867014183547,0.0,1.3698630136986298,1.8790156382591798,2.6548672566371683,7.0190326100133325,0.0,1.7699115044247788,2.6548672566371683,1.3698630136986298,0.8849557522123894,8.873802885198208,0.7152382106922053,0.0,0.7758516183779882,0.0,0.0,0.0
203,15.099009900990099,0.0,3.571428571428572,3.96039603960396,1.5912305516265914,0.0,0.0,1.98019801980198,0.0,1.7680339462517685,0.0,0.0,2.7581329561527577,1.98019801980198,9.335219236209337,2.581329561527581,0.0,0.3889674681753888,0.0,0.0,16.831683168316832,1.7680339462517685,0.0,0.7425742574257441,0.0,0.0,0.0
204,1.0332950631458075,0.0,0.0,1.0989010989010992,1.804165983270461,0.0,0.0,4.477611940298508,2.27980974249631,2.5094308676398227,0.0,2.985074626865672,3.5099229129079887,0.3936362145317369,4.231589306216172,0.0,1.492537313432836,0.7052648843693621,0.0,0.0,6.445793012957193,0.3936362145317369,1.492537313432836,7.134656388387732,0.0,0.0,0.0
205,1.2938470385278895,1.0638297872340423,0.0,5.319148936170213,1.322599194939622,0.0,0.0,3.191489361702128,3.27774583093732,1.63887291546866,0.0,0.0,2.127659574468085,2.7027027027027017,3.59401955146636,1.0638297872340423,0.0,2.2139160437032777,0.0,1.0638297872340423,1.1500862564692351,3.622771707878087,0.0,2.788959171937896,0.0,0.0,0.0
206,12.0,4.285714285714286,0.0,0.0,3.238095238095238,0.0,0.0,2.8571428571428577,1.3333333333333333,17.04761904761905,0.0,4.761904761904762,5.904761904761902,1.5238095238095235,3.428571428571429,5.333333333333333,1.3333333333333333,3.428571428571429,2.6666666666666665,2.380952380952381,4.8571428571428585,1.0476190476190477,0.0,4.476190476190476,0.0,0.0,0.0
207,0.7680748038069796,3.8904658540657873,0.0,0.0,2.354316246451829,0.0,0.0,2.0036734012355986,1.1187176490232091,5.3097345132743365,0.0,0.0,3.840374019034897,0.0,1.2355985974286179,1.4192686592085495,1.8867924528301887,1.1187176490232091,1.7699115044247788,3.5398230088495577,7.497077976289866,6.1779929871430985,0.0,4.357989647687425,0.0,0.0,0.0
208,3.974630021141648,0.0,0.0,5.967985502869222,0.6765327695560259,0.0,0.0,0.4469948655995166,0.1751736635457566,3.4309876170341287,0.4651162790697674,0.0,8.662035638779823,3.4491090305043794,1.1054062216852911,0.0,0.9302325581395348,0.3684687405617638,1.9571126547870727,1.4919963757173058,4.149803684687407,3.5699184536393846,0.0,6.378737541528237,0.0,0.0,0.0
209,2.7226830147854306,0.0,0.0,0.0,1.5146051208077889,0.0,0.0,2.344031734583484,3.407861521817526,11.215290299314821,0.0,3.191489361702128,7.3386224305806,0.6671474936891455,0.8654886404615941,1.4965741074648395,1.4965741074648395,1.6949152542372878,0.0,2.5604038946988816,1.9293184276956368,3.966822935448974,0.0,4.2733501622791215,0.0,3.191489361702128,0.0
210,10.707070707070708,0.0,0.0,2.2222222222222223,0.0,0.0,0.0,6.868686868686869,4.545454545454546,2.6262626262626263,2.2222222222222223,2.4242424242424248,6.868686868686869,0.0,2.121212121212121,0.0,2.2222222222222223,1.9191919191919204,0.0,0.0,2.2222222222222223,6.666666666666668,0.0,6.96969696969697,0.0,0.0,0.0
211,1.5484234234234222,2.899774774774775,0.0,3.0123873873873874,2.421171171171169,0.0,0.0,6.278153153153152,1.8862612612612617,0.7319819819819822,2.083333333333333,0.6756756756756757,5.532094594594594,8.136261261261263,1.5061936936936935,0.3659909909909911,0.6193693693693691,0.3096846846846846,2.6604729729729732,4.77195945945946,4.377815315315315,1.9988738738738745,0.8305180180180181,2.899774774774775,0.0,0.0,0.0
212,4.447360746573344,0.0,0.0,4.906678331875184,0.32808398950131235,0.0,0.0,7.589676290463692,0.0,4.3088363954505695,1.064450277048702,0.7874015748031497,3.7547389909594635,3.893263342082241,2.7340332458442687,0.0,1.8518518518518519,4.906678331875184,1.0207057451151944,0.4155730533683286,2.4059492563429568,1.8883056284631083,0.0,3.7547389909594635,0.0,0.0,0.0
213,0.26236881559220393,0.0,0.0,0.6371814092953523,3.260869565217391,0.0,0.0,0.6371814092953523,0.0,20.614692653673163,0.0,0.0,9.10794602698651,0.6371814092953523,2.323838080959522,0.0,0.0,1.5367316341829085,1.7241379310344829,0.0,3.5232383808095946,3.4482758620689653,0.0,6.5967016491754125,0.0,1.0869565217391304,0.0
214,7.027027027027027,3.783783783783784,0.0,0.0,13.513513513513516,0.0,0.0,1.0810810810810811,1.0810810810810811,90.27027027027029,0.0,0.0,17.83783783783784,11.891891891891891,2.1621621621621623,5.405405405405406,0.5405405405405406,2.1621621621621623,1.6216216216216215,1.0810810810810811,2.1621621621621623,15.135135135135135,0.0,3.783783783783784,0.0,0.0,0.0
215,2.7220077220077217,0.7335907335907337,0.0,0.0,0.2702702702702702,0.0,0.0,1.4285714285714286,0.888030888030888,6.2355212355212375,0.5405405405405406,0.17374517374517373,3.706563706563708,6.853281853281852,2.9150579150579152,1.0617760617760617,0.0,0.6949806949806949,0.888030888030888,0.0,1.5830115830115832,5.482625482625483,0.9073359073359074,0.09652509652509696,0.0,0.0,0.0
216,1.4447884416924666,0.0,0.0,0.2063983488132095,7.275541795665632,0.0,0.0,3.0959752321981417,1.3415892672858614,6.5015479876161,3.5087719298245608,1.7543859649122806,2.57997936016512,4.901960784313725,2.115583075335397,0.2063983488132095,0.9803921568627452,5.830753353973168,0.0,0.2063983488132095,3.45717234262126,4.850361197110422,0.0,1.651186790505676,0.0,0.0,0.0
217,0.9496676163342812,5.128205128205129,0.0,2.469135802469136,2.469135802469136,0.0,0.0,4.938271604938271,0.0,3.8936372269705606,0.09496676163342864,2.5641025641025643,4.748338081671414,2.5641025641025643,4.843304843304843,0.0,1.2345679012345678,3.8936372269705606,2.5641025641025643,1.2345679012345678,3.038936372269708,5.413105413105409,0.0,4.558404558404561,0.0,0.0,0.0
218,4.953271028037383,0.0,0.0,1.0110450297366187,7.077315208156332,0.0,0.0,0.8581138487680542,1.920135938827528,2.676295666949872,0.9345794392523364,0.9090909090909092,7.901444350042478,0.8581138487680542,5.30161427357689,0.9345794392523364,0.9090909090909092,0.8836023789294817,0.05097706032285476,0.0,1.6397621070518262,0.9345794392523364,0.0,1.3169073916737464,0.0,2.803738317757009,0.0
219,9.166666666666666,0.0,0.0,0.0,2.291666666666668,0.0,0.0,0.0,2.9166666666666665,3.958333333333334,0.0,0.0,6.666666666666668,2.708333333333333,3.75,3.125,0.0,1.875,0.0,1.875,2.9166666666666665,1.4583333333333317,0.0,1.875,0.0,0.0,0.0
220,5.03663003663004,0.0,0.0,0.9523809523809524,1.9413919413919416,0.0,0.0,4.816849816849817,0.0,7.6190476190476195,0.0,1.9230769230769231,0.8791208791208787,0.9523809523809524,0.9157509157509156,0.9706959706959708,0.018315018315018472,12.52747252747253,1.9047619047619049,0.0,0.8424908424908413,5.567765567765568,0.0,7.600732600732599,0.0,0.0,0.0
221,4.971988795518207,0.0,0.0,0.0,10.784313725490195,0.0,0.0,2.0483193277310923,0.0,6.757703081232492,0.0,2.083333333333333,5.4796918767507,8.333333333333334,1.2780112044817926,0.8403361344537815,2.083333333333333,0.8403361344537815,0.0,2.083333333333333,6.757703081232492,6.127450980392156,0.0,5.549719887955182,0.0,1.2429971988795518,0.0
222,4.069237777102945,2.930458548436077,1.1235955056179776,0.0,4.9347099908897665,0.0,0.0,2.7027027027027017,2.7027027027027017,1.3361676283024604,1.3513513513513509,0.2277558457333737,1.6398420892802896,0.0,13.467962344366839,2.930458548436077,0.0,5.390221682356515,2.247191011235955,1.1235955056179776,2.0042514424536897,2.7027027027027017,0.0,10.370482842392954,0.0,0.0,0.0
223,2.6666666666666665,0.0,0.0,5.333333333333333,16.66666666666667,0.0,0.0,5.333333333333333,0.6666666666666666,0.6666666666666666,2.0,0.6666666666666666,20.66666666666667,2.0,32.0,4.0,2.6666666666666665,6.0,5.333333333333333,2.6666666666666665,1.3333333333333333,19.33333333333333,3.333333333333333,5.333333333333333,0.0,0.0,0.0
224,7.142857142857142,0.0,0.0,1.5873015873015872,0.7936507936507937,0.0,0.0,0.7936507936507935,0.0,1.5873015873015868,2.380952380952381,1.5873015873015872,3.968253968253969,0.7936507936507937,0.0,1.5873015873015872,0.0,4.761904761904762,0.0,4.761904761904762,1.587301587301588,4.761904761904759,0.0,3.174603174603173,0.0,0.0,0.0
225,5.3310104529616735,0.0,0.0,3.066202090592334,1.986062717770034,0.0,0.0,3.658536585365853,1.2195121951219512,9.128919860627178,0.0,1.2195121951219512,0.10452961672474004,5.7142857142857135,0.5574912891986052,2.8571428571428568,0.0,4.703832752613241,0.0,2.2299651567944245,3.275261324041812,1.8118466898954704,0.0,3.240418118466899,0.0,0.0,0.0
226,5.0,0.0,0.0,1.25,1.25,0.0,0.0,0.0,0.0,5.0,1.25,1.25,0.0,6.25,2.5,0.0,0.0,1.25,1.25,0.0,1.25,1.25,0.0,6.25,0.0,0.0,0.0
227,0.6651884700665196,0.0,0.0,0.5912786400591279,7.501847745750183,0.0,0.0,1.2934220251293418,0.0,9.793052475979305,3.2520325203252027,0.7021433850702143,2.734663710273466,1.6260162601626016,0.4065040650406502,0.0,0.5912786400591279,2.5498891352549884,0.0,0.0,4.17590539541759,4.545454545454545,0.0,9.608277900960829,0.0,0.0,0.0
228,3.503787878787879,0.0,0.0,1.6098484848484849,1.6571969696969695,0.0,0.0,6.25,3.125,7.339015151515152,0.0,0.0,3.598484848484848,0.0,1.2310606060606055,0.04734848484848486,0.0,1.6098484848484849,0.0,1.5625,5.9185606060606055,6.297348484848484,0.0,11.742424242424242,0.0,3.0303030303030303,0.0
229,1.4708078243989844,0.0,0.0,1.4708078243989844,0.3135732417500368,0.0,0.0,1.538002090488278,0.2463789756607435,4.5393459758100665,0.059728236523816765,0.5524861878453039,1.2841570852620574,0.9183216365536806,3.37464536359564,0.0,0.0,5.099298193220845,1.6574585635359118,0.0,7.43616544721517,2.284605047035985,0.0,1.5902642974466181,0.0,0.0,0.0
230,2.7268339768339764,0.0,0.6756756756756757,0.4826254826254828,2.799227799227797,0.0,0.0,1.013513513513514,4.464285714285714,1.7133204633204624,0.0,0.0,0.0723938223938223,6.684362934362936,4.295366795366795,0.21718146718146725,0.21718146718146725,0.4584942084942084,0.4343629343629345,1.3513513513513509,5.501930501930501,6.12934362934363,0.0,2.509652509652509,0.0,0.0,0.0
231,1.154401154401155,0.0,0.0,1.5873015873015872,1.154401154401155,0.0,0.0,3.463203463203463,0.0,13.131313131313135,0.0,0.577200577200577,7.936507936507938,2.8860028860028857,0.5772005772005775,0.0,2.8860028860028857,2.5974025974025974,0.0,0.0,3.751803751803752,8.513708513708515,0.0,1.154401154401155,0.0,0.0,0.0
232,5.128205128205128,2.564102564102564,0.0,8.62972153294734,3.3085194375516966,0.0,0.0,0.6617038875103392,0.1929969671905156,1.5991177281499862,0.0,0.0,3.143093465674111,0.6617038875103392,1.9023986765922247,0.0,2.3711055969120483,1.0476978218913704,2.1781086297215326,1.5164047422111937,9.125999448580096,0.0,0.8547008547008547,3.0328094844223874,0.0,0.0,0.0
233,0.32967032967032983,3.0769230769230766,0.0,0.8791208791208787,8.205128205128204,0.0,0.0,1.3553113553113554,2.0146520146520146,1.8315018315018317,6.117216117216118,1.3553113553113554,10.10989010989011,1.318681318681319,8.278388278388281,1.7216117216117213,0.1831501831501829,4.249084249084248,3.736263736263736,3.772893772893773,4.285714285714286,0.8424908424908426,0.5128205128205128,1.318681318681319,0.0,0.0,0.0
234,0.705903923725705,0.0,0.0,0.25669233590025664,2.4294096076274303,0.0,0.0,3.447011367803446,3.96039603960396,0.6692335900256694,0.0,1.0542720938760541,2.6127612761276104,0.12834616795012832,2.6494316098276496,1.98019801980198,0.12834616795012832,1.7235056839017235,0.12834616795012832,3.0986431976530984,0.2841950861752842,0.4492115878254488,0.0,2.9336266960029334,0.0,0.0,0.0
235,2.398889770023791,0.0,0.0,1.9230769230769231,1.1697065820777155,0.0,0.0,11.756542426645515,0.0,1.645519429024584,0.0,0.0,1.2291831879460755,0.13877874702616946,5.570975416336241,0.0,1.9230769230769231,3.8461538461538463,1.9230769230769231,1.9230769230769231,2.8747026169706587,2.398889770023791,0.0,3.4496431403647883,0.0,0.0,0.0
236,0.928661882650907,0.33347403967918954,0.0,3.001266357112705,7.809202195018997,0.0,0.0,1.637821865766146,0.23216547066272675,1.2747994934571552,0.9708737864077672,3.115238497256226,3.693541578725201,1.9417475728155345,0.04221190375685957,3.4782608695652173,0.23216547066272675,0.23216547066272675,5.0147741663149015,1.101730688054031,5.9983115238497255,2.6382439848037142,0.0,6.01519628535247,0.0,0.0,0.0
237,5.169275573352749,0.0,0.0,3.3855114670549686,0.5460502366217694,0.0,1.492537313432836,1.8929741536221327,0.0,7.462686567164179,0.0,0.0,5.824535857298871,2.4390243902439024,8.70040043684019,1.492537313432836,0.0,3.3855114670549686,2.4390243902439024,0.0,2.0385875500546056,5.242082271568981,0.0,2.29341099381143,0.0,0.0,0.0
238,0.9934909215484752,1.4388489208633093,0.0,0.0,2.6550188420692016,0.0,0.0,1.4388489208633093,7.022953066118534,1.935594381637547,0.0,2.3295649194929773,5.087358684480988,6.817403220280919,1.3874614594039052,4.316546762589929,2.1582733812949644,2.380952380952381,0.0,0.4967454607742377,7.759506680369988,1.6615279205207265,0.0,5.207262761219597,0.0,0.0,0.0
239,4.946524064171124,2.005347593582888,0.0,0.668449197860963,3.787878787878788,0.0,0.0,0.668449197860963,7.976827094474154,11.675579322638145,0.0,1.5151515151515151,0.17825311942958955,0.8467023172905526,2.540106951871657,3.1194295900178255,2.2727272727272725,0.7575757575757576,0.0,2.9411764705882355,2.540106951871657,1.1140819964349369,0.0,12.210338680926915,0.0,0.0,0.0
240,7.319347319347317,3.4965034965034962,0.0,1.3986013986013983,1.7249417249417247,0.0,0.0,1.3986013986013983,0.2486402486402488,1.4763014763014757,0.0,0.0,4.724164724164723,1.3986013986013983,6.790986790986791,1.3986013986013983,1.5229215229215232,4.5687645687645695,0.8236208236208238,1.3986013986013983,2.0202020202020208,2.719502719502719,0.0,8.438228438228437,0.0,1.3986013986013983,0.0
241,4.3478260869565215,2.2222222222222223,0.0,17.101449275362313,1.835748792270529,0.0,0.0,2.2222222222222223,2.2222222222222223,7.05314009661836,4.3478260869565215,0.0,2.2222222222222223,0.0,0.3864734299516925,0.0,0.0,4.3478260869565215,0.0,0.0,8.888888888888891,4.541062801932369,0.0,2.2222222222222223,0.0,0.0,0.0
242,16.0,4.0,0.0,0.0,6.4444444444444455,0.0,0.0,1.5555555555555554,2.0,2.6666666666666643,0.0,0.0,0.0,9.111111111111107,18.22222222222221,0.0,0.0,2.4444444444444446,2.0,2.0,1.3333333333333357,7.1111111111111125,0.0,2.4444444444444446,0.0,0.0,0.0
243,1.818181818181818,0.0,0.0,1.0869565217391304,6.047430830039524,0.0,0.0,1.2450592885375489,2.1739130434782608,7.648221343873518,0.9090909090909092,0.17786561264822132,2.154150197628458,0.0,0.17786561264822132,0.0,1.4624505928853757,0.5533596837944663,1.2845849802371538,2.8853754940711465,1.1067193675889326,1.8774703557312231,0.0,1.4624505928853757,0.0,2.1739130434782608,0.0
244,4.955728822518832,1.2422360248447204,0.0,1.8633540372670807,5.682569049821592,0.0,0.0,2.5703713492797675,0.0,2.2201665124884364,1.506541562045725,3.5416941984934587,7.988634861900357,1.7774547376767542,4.176027487775869,0.0,0.0,4.25531914893617,0.6211180124223602,0.0,1.0704374256640676,4.592308708867454,1.0638297872340423,4.1562045724857954,0.0,0.0,0.0
245,6.138850889192886,0.8549931600547196,0.0,0.6155950752393982,3.779069767441861,0.0,0.0,0.7352941176470589,0.0,4.155266757865936,0.7352941176470589,0.0,0.8720930232558128,1.9664842681258552,2.445280437756498,0.11969904240766073,2.9411764705882355,2.445280437756498,2.9411764705882355,3.9158686730506163,2.188782489740081,4.052667578659372,0.0,1.0943912448700406,0.0,0.0,0.0
246,2.8153153153153165,1.3513513513513509,0.0,2.8153153153153165,1.4639639639639643,0.0,0.0,1.2387387387387383,0.0,3.2094594594594597,0.0,1.2387387387387383,3.8288288288288284,2.083333333333333,3.322072072072072,2.1959459459459456,2.083333333333333,0.6193693693693691,0.0,2.083333333333333,0.39414414414414267,6.081081081081082,0.0,6.418918918918918,0.0,0.0,0.0
247,5.4967565722089455,0.0,0.0,0.7340389211334926,2.424035506998976,0.0,0.0,0.99009900990099,0.0,3.0044383748719703,0.99009900990099,3.4482758620689653,2.167975418231478,2.202116763400478,4.506657562307954,1.98019801980198,0.22191874359849795,2.458176852167975,0.99009900990099,0.0,4.148173438033458,7.630590645271423,0.0,7.4769545920109275,0.0,0.0,0.0
248,3.6764705882352966,0.0,1.4705882352941178,0.6127450980392157,2.32843137254902,0.0,0.0,2.083333333333333,4.166666666666667,5.882352941176473,4.166666666666667,2.9411764705882355,3.1862745098039227,2.32843137254902,0.7352941176470598,0.0,1.4705882352941178,1.2254901960784317,0.0,0.0,2.6960784313725488,4.901960784313727,0.0,7.598039215686276,0.0,0.0,0.0
249,8.933423913043477,4.3478260869565215,0.0,1.5625,0.06793478260869534,0.0,0.0,1.2228260869565215,0.3396739130434785,12.669836956521738,1.3926630434782608,1.5625,13.247282608695647,2.004076086956521,11.922554347826084,2.1739130434782608,0.0,2.1739130434782608,0.0,0.78125,7.03125,4.6875,0.0,0.8491847826086953,0.0,0.0,0.0
250,5.015873015873016,0.0,0.0,1.5873015873015872,1.5873015873015872,0.0,0.0,0.0,0.0,5.714285714285715,0.0,0.0,0.3174603174603172,1.5873015873015872,5.904761904761905,1.3333333333333333,0.0,1.8412698412698412,0.0,0.0,11.555555555555554,5.015873015873016,0.0,15.047619047619047,0.0,0.0,0.0
